output_blend_paths,object_filepath
1,04090263/a58beed0a033875567a4cd2863eb1ca/model.obj
2,02992529/2eafc16c78c43b35d9f7ce5b19e46227/model.obj
3,04401088/b854fc846c1fc2ba619a006c72381476/model.obj
4,03710193/f8ebd72bdd49a43b8ad4a36593b38a9e/model.obj
5,03938244/397d66329fcf4b862bf863b361489dad/model.obj
6,02808440/d422fa89aec6c1bb50d0c6a0c254040/model.obj
7,02946921/a087f6b5ea424ccc785f06f424b9d06/model.obj
8,03593526/1a953dddff37998ef0a5dc57c9d2438f/model.obj
9,03211117/89f3262d8e06acfdeb0ce5843fe6b264/model.obj
10,04379243/8a3fe76dcc0c54cb502ac2eb9128f9a/model.obj
